设备型号,名称,描述,数值类型,是否内置点,显示,标记,groupIndex,offs,单位,最小值,最大值,类别,大类,小数位数,别名,modAddr,modioType,isSend,isReply,isSimulate,isHide
MY1.5MW,grTempOutdoor_1sec,机舱外温度1秒平均值,REAL,,,,,,m/s,,,,,3,,,,1,1,,
MY1.5MW,grTempOutdoor_10min,机舱外温度10分钟平均值,REAL,,,,,,m/s,,,,,3,,,,1,1,,
MY1.5MW,grTempHub_1sec,轮毂温度1秒平均值,REAL,,,,,,m/s,,,,,3,,,,1,1,,
MY1.5MW,grTempHub_10min,轮毂温度10分钟平均值,REAL,,,,,,m/s,,,,,3,,,,1,1,,
MY1.5MW,grTempNacelle_1sec,机舱温度1秒平均值,REAL,,,,,,m/s,,,,,3,,,,1,1,,
MY1.5MW,grTempNacelle_10min,机舱温度10分钟平均值,REAL,,,,,,m/s,,,,,3,,,,1,1,,
MY1.5MW,grTempTowerBase_1sec,塔基温度1秒平均值,REAL,,,,,,m/s,,,,,3,,,,1,1,,
MY1.5MW,grTempTowerBase_10min,塔基温度10分钟平均值,REAL,,,,,,m/s,,,,,3,,,,1,1,,
MY1.5MW,grTempCabinetNacelle_1sec,机舱电柜温度1秒平均值,REAL,,,,,,m/s,,,,,3,,,,1,1,,
MY1.5MW,grTempCabinetNacelle_10min,机舱电柜温度10分钟平均值,REAL,,,,,,m/s,,,,,3,,,,1,1,,
MY1.5MW,grTempCabinetTowerBase_1sec,塔基电柜温度1秒平均值,REAL,,,,,,m/s,,,,,3,,,,1,1,,
MY1.5MW,grTempCabinetTowerBase_10min,塔基电柜温度10分钟平均值,REAL,,,,,,m/s,,,,,3,,,,1,1,,
MY1.5MW,grTempTransformer690_400V_1sec,机舱供电用690/400V变压器温度1秒平均值,REAL,,,,,,m/s,,,,,3,,,,1,1,,
MY1.5MW,grTempTransformer690_400V_10min,机舱供电用690/400V变压器温度10分钟平均值,REAL,,,,,,m/s,,,,,3,,,,1,1,,
MY1.5MW,grTempTowerTransformer690_400V_1sec,塔基变压器温度1秒平均值,REAL,,,,,,m/s,,,,,3,,,,1,1,,
MY1.5MW,grTempTowerTransformer690_400V_10min,塔基变压器温度10分钟平均值,REAL,,,,,,m/s,,,,,3,,,,1,1,,
MY1.5MW,grTempPitchTransformer_1sec,变桨用690/400V变压器温度1秒平均值,REAL,,,,,,m/s,,,,,3,,,,1,1,,
MY1.5MW,grTempPitchTransformer_10min,变桨用690/400V变压器温度10分钟平均值,REAL,,,,,,m/s,,,,,3,,,,1,1,,
MY1.5MW,grTempMVTrafo_1sec,箱变温度1秒平均值,REAL,,,,,,m/s,,,,,3,,,,1,1,,
MY1.5MW,grTempMVTrafo_10min,箱变温度10分钟平均值,REAL,,,,,,m/s,,,,,3,,,,1,1,,
MY1.5MW,grBlade1TempMotor_1sec,桨叶1电机温度1秒平均值,REAL,,,,,,m/s,,,,,3,,,,1,1,,
MY1.5MW,grBlade1TempMotor_10min,桨叶1电机温度10分钟平均值,REAL,,,,,,m/s,,,,,3,,,,1,1,,
MY1.5MW,grBlade2TempMotor_1sec,桨叶2电机温度1秒平均值,REAL,,,,,,m/s,,,,,3,,,,1,1,,
MY1.5MW,grBlade2TempMotor_10min,桨叶2电机温度10分钟平均值,REAL,,,,,,m/s,,,,,3,,,,1,1,,
MY1.5MW,grBlade3TempMotor_1sec,桨叶3电机温度1秒平均值,REAL,,,,,,m/s,,,,,3,,,,1,1,,
MY1.5MW,grBlade3TempMotor_10min,桨叶3电机温度10分钟平均值,REAL,,,,,,m/s,,,,,3,,,,1,1,,
MY1.5MW,grBlade1TempBattBox_1sec,桨叶1电池箱温度1秒平均值,REAL,,,,,,m/s,,,,,3,,,,1,1,,
MY1.5MW,grBlade1TempBattBox_10min,桨叶1电池箱温度10分钟平均值,REAL,,,,,,m/s,,,,,3,,,,1,1,,
MY1.5MW,grBlade2TempBattBox_1sec,桨叶2电池箱温度1秒平均值,REAL,,,,,,m/s,,,,,3,,,,1,1,,
MY1.5MW,grBlade2TempBattBox_10min,桨叶2电池箱温度10分钟平均值,REAL,,,,,,m/s,,,,,3,,,,1,1,,
MY1.5MW,grBlade3TempBattBox_1sec,桨叶3电池箱温度1秒平均值,REAL,,,,,,m/s,,,,,3,,,,1,1,,
MY1.5MW,grBlade3TempBattBox_10min,桨叶3电池箱温度10分钟平均值,REAL,,,,,,m/s,,,,,3,,,,1,1,,
MY1.5MW,grTempCntr_1sec,变桨中控箱温度1秒平均值,REAL,,,,,,m/s,,,,,3,,,,1,1,,
MY1.5MW,grTempCntr_10min,变桨中控箱温度10分钟平均值,REAL,,,,,,m/s,,,,,3,,,,1,1,,
MY1.5MW,grBlade1TempInvBox_1sec,桨叶1轴控箱温度1秒平均值,REAL,,,,,,m/s,,,,,3,,,,1,1,,
MY1.5MW,grBlade1TempInvBox_10min,桨叶1轴控箱温度10分钟平均值,REAL,,,,,,m/s,,,,,3,,,,1,1,,
MY1.5MW,grBlade2TempInvBox_1sec,桨叶2轴控箱温度1秒平均值,REAL,,,,,,m/s,,,,,3,,,,1,1,,
MY1.5MW,grBlade2TempInvBox_10min,桨叶2轴控箱温度10分钟平均值,REAL,,,,,,m/s,,,,,3,,,,1,1,,
MY1.5MW,grBlade3TempInvBox_1sec,桨叶3轴控箱温度1秒平均值,REAL,,,,,,m/s,,,,,3,,,,1,1,,
MY1.5MW,grBlade3TempInvBox_10min,桨叶3轴控箱温度10分钟平均值,REAL,,,,,,m/s,,,,,3,,,,1,1,,
MY1.5MW,grTempRotorBearA_1sec,转子轴承A温度1秒平均值,REAL,,,,,,m/s,,,,,3,,,,1,1,,
MY1.5MW,grTempRotorBearA_10min,转子轴承A温度10分钟平均值,REAL,,,,,,m/s,,,,,3,,,,1,1,,
MY1.5MW,grTempRotorBearB_1sec,转子轴承B温度1秒平均值,REAL,,,,,,m/s,,,,,3,,,,1,1,,
MY1.5MW,grTempRotorBearB_10min,转子轴承B温度10分钟平均值,REAL,,,,,,m/s,,,,,3,,,,1,1,,
MY1.5MW,grTemp1GearOil_1sec,齿轮油温1秒平均值,REAL,,,,,,m/s,,,,,3,,,,1,1,,
MY1.5MW,grTemp1GearOil_10min,齿轮油温10分钟平均值,REAL,,,,,,m/s,,,,,3,,,,1,1,,
MY1.5MW,grTempGearBearDE_1sec,齿轮箱DE端轴承温度1秒平均值,REAL,,,,,,m/s,,,,,3,,,,1,1,,
MY1.5MW,grTempGearBearDE_10min,齿轮箱DE端轴承温度10分钟平均值,REAL,,,,,,m/s,,,,,3,,,,1,1,,
MY1.5MW,grTempGearBearNDE_1sec,齿轮箱NDE端轴承温度1秒平均值,REAL,,,,,,m/s,,,,,3,,,,1,1,,
MY1.5MW,grTempGearBearNDE_10min,齿轮箱NDE端轴承温度10分钟平均值,REAL,,,,,,m/s,,,,,3,,,,1,1,,
MY1.5MW,grTempWaterGearCooling_1sec,齿轮冷却水温度1秒平均值,REAL,,,,,,m/s,,,,,3,,,,1,1,,
MY1.5MW,grTempWaterGearCooling_10min,齿轮冷却水温度10分钟平均值,REAL,,,,,,m/s,,,,,3,,,,1,1,,
MY1.5MW,grTempGearOilHeaterSystem_1sec,齿轮箱油加热系统温度1秒平均值,REAL,,,,,,m/s,,,,,3,,,,1,1,,
MY1.5MW,grTempGearOilHeaterSystem_10min,齿轮箱油加热系统温度10分钟平均值,REAL,,,,,,m/s,,,,,3,,,,1,1,,
MY1.5MW,grTempGenBearDE_1sec,发电机DE端轴承温度1秒平均值,REAL,,,,,,m/s,,,,,3,,,,1,1,,
MY1.5MW,grTempGenBearDE_10min,发电机DE端轴承温度10分钟平均值,REAL,,,,,,m/s,,,,,3,,,,1,1,,
MY1.5MW,grTempGenBearNDE_1sec,发电机NDE端轴承温度1秒平均值,REAL,,,,,,m/s,,,,,3,,,,1,1,,
MY1.5MW,grTempGenBearNDE_10min,发电机NDE端轴承温度10分钟平均值,REAL,,,,,,m/s,,,,,3,,,,1,1,,
MY1.5MW,grTempGenStatorU_1sec,发电机定子绕组U温度1秒平均值,REAL,,,,,,m/s,,,,,3,,,,1,1,,
MY1.5MW,grTempGenStatorU_10min,发电机定子绕组U温度10分钟平均值,REAL,,,,,,m/s,,,,,3,,,,1,1,,
MY1.5MW,grTempGenStatorV_1sec,发电机定子绕组V温度1秒平均值,REAL,,,,,,m/s,,,,,3,,,,1,1,,
MY1.5MW,grTempGenStatorV_10min,发电机定子绕组V温度10分钟平均值,REAL,,,,,,m/s,,,,,3,,,,1,1,,
MY1.5MW,grTempGenStatorW_1sec,发电机定子绕组W温度1秒平均值,REAL,,,,,,m/s,,,,,3,,,,1,1,,
MY1.5MW,grTempGenStatorW_10min,发电机定子绕组W温度10分钟平均值,REAL,,,,,,m/s,,,,,3,,,,1,1,,
MY1.5MW,grTempGenCoolingAir_1sec,发电机冷风温度1秒平均值,REAL,,,,,,m/s,,,,,3,,,,1,1,,
MY1.5MW,grTempGenCoolingAir_10min,发电机冷风温度10分钟平均值,REAL,,,,,,m/s,,,,,3,,,,1,1,,
MY1.5MW,grTempGenOutWind_1sec,发电机出风温度1秒平均值,REAL,,,,,,m/s,,,,,3,,,,1,1,,
MY1.5MW,grTempGenOutWind_10min,发电机出风温度10分钟平均值,REAL,,,,,,m/s,,,,,3,,,,1,1,,
MY1.5MW,giTurbineOperationMode,机组运行模式,INT,,,,,,m/s,,,,,3,,,,1,1,,
MY1.5MW,giBPLevel,机组刹车程序,INT,,,,,,m/s,,,,,0,,,,1,1,,
MY1.5MW,giYPLevel,机组偏航程序,INT,,,,,,m/s,,,,,0,,,,1,1,,
MY1.5MW,I_Plc_S_VsprState,机组状态机,INT,,,,,,m/s,,,,,0,,,,1,1,,
MY1.5MW,PAR_iKWhOverall,发电机有功电量总数,DINT,,,,,,m/s,,,,,0,,,,1,1,,
MY1.5MW,PAR_iKWhThisDay,当天的发电机有功电量,DINT,,,,,,m/s,,,,,0,,,,1,1,,
MY1.5MW,PAR_iKWhConsumOverall,机组有功自耗电总数,DINT,,,,,,m/s,,,,,3,,,,1,1,,
MY1.5MW,PAR_iKWhConsumThisDay,机组当天有功自耗电,DINT,,,,,,m/s,,,,,3,,,,1,1,,
MY1.5MW,PAR_iKVARConsumOverall,机组无功自耗电总数,DINT,,,,,,m/s,,,,,3,,,,1,1,,
MY1.5MW,PAR_iKVARConsumThisDay,机组当天无功自耗电,DINT,,,,,,m/s,,,,,3,,,,1,1,,
MY1.5MW,gwVisuOperationHoursOverall,机组运行时间总数,DWORD,,,,,,m/s,,,,,3,,,,1,1,,
MY1.5MW,gwVisuOperationHoursDay,机组当天运行时间,DWORD,,,,,,m/s,,,,,3,,,,1,1,,
MY1.5MW,giWecRunContion,机组运行状态码,DWORD,,,,,,m/s,,,,,3,,,,1,1,,
MY1.5MW,giFaultInformation,故障首触信息,DWORD,,,,,,m/s,,,,,3,,,,1,1,,
MY1.5MW,gwTriggerSCAdress,机组首触地址码,DWORD,,,,,,m/s,,,,,3,,,,1,1,,
MY1.5MW,grAvailabillityToday,当天的机组可利用率,REAL,,,,,,m/s,,,,,3,,,,1,1,,
MY1.5MW,grAvailabillityTotal,总的机组可利用率,REAL,,,,,,m/s,,,,,3,,,,1,1,,
MY1.5MW,grActivePowerSetPointValue,发电机有功设定值,REAL,,,,,,m/s,,,,,3,,,,1,1,,
MY1.5MW,grGenPowerForProcess,发电机功率实时值,REAL,,,,,,m/s,,,,,3,,,,1,1,,
MY1.5MW,grGenPowerForProcess_30sec,发电机功率30秒平均值,REAL,,,,,,m/s,,,,,3,,,,1,1,,
MY1.5MW,grGenPowerForProcess_10min,发电机功率10分钟平均值,REAL,,,,,,m/s,,,,,3,,,,1,1,,
MY1.5MW,grSetValueGenSpeed,发电机转速设定值,REAL,,,,,,m/s,,,,,3,,,,1,1,,
MY1.5MW,grGenSpeedForProcess,发电机转速实时值,REAL,,,,,,m/s,,,,,3,,,,1,1,,
MY1.5MW,grGenSpeedForProcess_30sec,发电机转速30秒平均值,REAL,,,,,,m/s,,,,,3,,,,1,1,,
MY1.5MW,grGenSpeedForProcess_10min,发电机转速10分钟平均值,REAL,,,,,,m/s,,,,,3,,,,1,1,,
MY1.5MW,grRotorSpeedPDM,主轴转速实时值,REAL,,,,,,m/s,,,,,3,,,,1,1,,
MY1.5MW,aqCAN_GeneratorTorqueSetPointValue,转矩设定值,REAL,,,,,,m/s,,,,,3,,,,1,1,,
MY1.5MW,grCAN_GeneratorTorque,实际转矩,REAL,,,,,,m/s,,,,,3,,,,1,1,,
MY1.5MW,grPitchAngle_SetValueBlade1,变桨角度设定值,REAL,,,,,,m/s,,,,,3,,,,1,1,,
MY1.5MW,grPitchAngle,变桨角度,REAL,,,,,,m/s,,,,,3,,,,1,1,,
MY1.5MW,grPitchAngle_30sec,变桨角度30秒平均值,REAL,,,,,,m/s,,,,,3,,,,1,1,,
MY1.5MW,grPitchAngle_10min,变桨角度10分钟平均值,REAL,,,,,,m/s,,,,,3,,,,1,1,,
MY1.5MW,grPitchSpeedBlade1,桨叶1速度值,REAL,,,,,,m/s,,,,,3,,,,1,1,,
MY1.5MW,grPitchSpeedBlade2,桨叶2速度值,REAL,,,,,,m/s,,,,,3,,,,1,1,,
MY1.5MW,grPitchSpeedBlade3,桨叶3速度值,REAL,,,,,,m/s,,,,,3,,,,1,1,,
MY1.5MW,grPitchAngleBlade1,桨叶1实际角度,REAL,,,,,,m/s,,,,,3,,,,1,1,,
MY1.5MW,grPitchAngleBlade2,桨叶2实际角度,REAL,,,,,,m/s,,,,,3,,,,1,1,,
MY1.5MW,grPitchAngleBlade3,桨叶3实际角度,REAL,,,,,,m/s,,,,,0,,,,1,1,,
MY1.5MW,grBlade1MotorCurrent,桨叶1电机电流,REAL,,,,,,m/s,,,,,0,,,,1,1,,
MY1.5MW,grBlade2MotorCurrent,桨叶2电机电流,REAL,,,,,,m/s,,,,,0,,,,1,1,,
MY1.5MW,grBlade3MotorCurrent,桨叶3电机电流,REAL,,,,,,m/s,,,,,0,,,,1,1,,
MY1.5MW,grWindSpeed,风速实时值,REAL,,,,,,m/s,,,,,0,,,,1,1,,
MY1.5MW,grWindSpeed_30sec,风速30秒平均值,REAL,,,,,,m/s,,,,,0,,,,1,1,,
MY1.5MW,grWindSpeed_10min,风速10分钟平均值,REAL,,,,,,m/s,,,,,0,,,,1,1,,
MY1.5MW,grVaneDirection,风向实时值,REAL,,,,,,m/s,,,,,0,,,,1,1,,
MY1.5MW,grVaneDirection_30sec,风向30秒平均值,REAL,,,,,,m/s,,,,,0,,,,1,1,,
MY1.5MW,grVaneDirection_10min,风向10分钟平均值,REAL,,,,,,m/s,,,,,0,,,,1,1,,
MY1.5MW,grNacellePositionLtd,机舱方向绝对角度,REAL,,,,,,m/s,,,,,0,,,,1,1,,
MY1.5MW,grCableTwistTotal,电缆扭转总角度,REAL,,,,,,m/s,,,,,0,,,,1,1,,
MY1.5MW,grNacellePositionTotal,机舱方向总角度,REAL,,,,,,m/s,,,,,0,,,,1,1,,
MY1.5MW,grCurrentVibrationY_PCH,前后振动实时值,REAL,,,,,,m/s,,,,,0,,,,1,1,,
MY1.5MW,grCurrentVibrationY_PCH_Max,前后振动2秒最大值,REAL,,,,,,m/s,,,,,0,,,,1,1,,
MY1.5MW,grCurrentVibrationY_PCH_Min,前后振动2秒最小值,REAL,,,,,,m/s,,,,,0,,,,1,1,,
MY1.5MW,grCurrentVibrationZ_PCH,左右振动实时值,REAL,,,,,,m/s,,,,,0,,,,1,1,,
MY1.5MW,grCurrentVibrationZ_PCH_Max,左右振动2秒最大值,REAL,,,,,,m/s,,,,,0,,,,1,1,,
MY1.5MW,grCurrentVibrationZ_PCH_Min,左右振动2秒最小值,REAL,,,,,,m/s,,,,,0,,,,1,1,,
MY1.5MW,grCONVERTER_Cosphi,COSφ,REAL,,,,,,m/s,,,,,0,,,,1,1,,
MY1.5MW,grCAN_ReactivePower,电网无功,REAL,,,,,,m/s,,,,,0,,,,1,1,,
MY1.5MW,grGridFrequencyForProcess,电网频率,REAL,,,,,,m/s,,,,,0,,,,1,1,,
MY1.5MW,grUL1_690V_KL3403,电网电压L1,REAL,,,,,,m/s,,,,,0,,,,1,1,,
MY1.5MW,grUL2_690V_KL3403,电网电压L2,REAL,,,,,,m/s,,,,,0,,,,1,1,,
MY1.5MW,grUL3_690V_KL3403,电网电压L3,REAL,,,,,,m/s,,,,,0,,,,1,1,,
MY1.5MW,grIL1_690V_KL3403,电网电流L1,REAL,,,,,,m/s,,,,,0,,,,1,1,,
MY1.5MW,grIL2_690V_KL3403,电网电流L2,REAL,,,,,,m/s,,,,,0,,,,1,1,,
MY1.5MW,grIL3_690V_KL3403,电网电流L3,REAL,,,,,,m/s,,,,,0,,,,1,1,,
MY1.5MW,grA_CAN_GridCurrent,网侧A相电流值,REAL,,,,,,m/s,,,,,0,,,,1,1,,
MY1.5MW,grB_CAN_GridCurrent,网侧B相电流值,REAL,,,,,,m/s,,,,,0,,,,1,1,,
MY1.5MW,grC_CAN_GridCurrent,网侧C相电流值,REAL,,,,,,m/s,,,,,0,,,,1,1,,
MY1.5MW,grWindSpeed_IEC,参数1,REAL,,,,,,m/s,,,,,0,,,,1,1,,
MY1.5MW,grWindSpeed_IEC_30sec,参数1_30秒,REAL,,,,,,m/s,,,,,0,,,,1,1,,
MY1.5MW,grWindSpeed_IEC_10min,参数1_10分钟,REAL,,,,,,m/s,,,,,0,,,,1,1,,
MY1.5MW,grHydrPressureRotorBrake,主轴刹车压力值,REAL,,,,,,m/s,,,,,0,,,,1,1,,
MY1.5MW,grHydrPressureSystem,液压站压力值,REAL,,,,,,m/s,,,,,0,,,,1,1,,
MY1.5MW,grPowerConsum,自耗电,REAL,,,,,,m/s,,,,,0,,,,1,1,,
MY1.5MW,grPowerSetpoint_flagg,主控提供的限电标志（供参考）,REAL,,,,,,m/s,,,,,0,,,,1,1,,
MY1.5MW,grRotorPositionSSI,叶轮方位角,REAL,,,,,,m/s,,,,,0,,,,1,1,,
MY1.5MW,grRotorBrakeOnCount,高速轴刹车夹抱闸次数,REAL,,,,,,m/s,,,,,0,,,,1,1,,
MY1.5MW,grGearWaterPumpRunningHours,齿轮箱冷却水泵运行小时数,REAL,,,,,,m/s,,,,,0,,,,1,1,,
MY1.5MW,grGearFanRunningHours,齿轮箱冷水水循环风扇小时数,REAL,,,,,,m/s,,,,,0,,,,1,1,,
MY1.5MW,grGearOilPumpHSRunningHours,齿轮箱油泵高速运行小时数,REAL,,,,,,m/s,,,,,0,,,,1,1,,
MY1.5MW,grGearOilPumpLSRunningHours,齿轮箱油泵低速运行小时数,REAL,,,,,,m/s,,,,,0,,,,1,1,,
MY1.5MW,grGenFanInternalSRunningHours,发电机内冷却风扇运行小时数,REAL,,,,,,m/s,,,,,0,,,,1,1,,
MY1.5MW,grGenFanExternalSRunningHours,发电机外冷却风扇运行小时数,REAL,,,,,,m/s,,,,,0,,,,1,1,,
MY1.5MW,grNacelleFanRunningHours,机舱循环风扇运行小时数,REAL,,,,,,m/s,,,,,0,,,,1,1,,
MY1.5MW,grHydrPumpRunningHours,液压泵运行小时数,REAL,,,,,,m/s,,,,,0,,,,1,1,,
MY1.5MW,grHydrPumpOnCount,液压泵启动次数,REAL,,,,,,m/s,,,,,0,,,,1,1,,
MY1.5MW,grTowerXaxisEquivalentLoad,塔筒x方向近似等效载荷数据,REAL,,,,,,m/s,,,,,0,,,,1,1,,
MY1.5MW,grTowerYaxisEquivalentLoad,塔筒y方向近似等效载荷数据,REAL,,,,,,m/s,,,,,0,,,,1,1,,
MY1.5MW,grRotorTurns,叶轮旋转总圈数,REAL,,,,,,m/s,,,,,0,,,,1,1,,
MY1.5MW,grOperationEnableCounts,并网累计次数,REAL,,,,,,m/s,,,,,0,,,,1,1,,
MY1.5MW,grPitchNo_EFCCount,紧急顺桨次数,REAL,,,,,,m/s,,,,,0,,,,1,1,,
MY1.5MW,grYawCW_CWW_ONCount,偏航累计次数,REAL,,,,,,m/s,,,,,0,,,,1,1,,
MY1.5MW,grWECStopCount,停机累计次数,REAL,,,,,,m/s,,,,,0,,,,1,1,,
MY1.5MW,grWecRemotControlStop_FeedBack,远程停机标志反馈,REAL,,,,,,m/s,,,,,0,,,,1,1,,
MY1.5MW,rPowerSetpointLimitTempRecValues_FeedBack,限功率给定值反馈,REAL,,,,,,m/s,,,,,0,,,,1,1,,
MY1.5MW,grPowLowerLimite,限功率下限,REAL,,,,,,m/s,,,,,0,,,,1,1,,
MY1.5MW,grActivePowerRate,限功率速率,REAL,,,,,,m/s,,,,,0,,,,1,1,,
MY1.5MW,SCW001,SCW001.0,WORD,,,,,,m/s,-100,100,,,1,,,,1,1,,
MY1.5MW,SCW002,SCW002.0,WORD,,,,,,m/s,-100,100,,,1,,,,1,1,,
MY1.5MW,SCW003,SCW003.0,WORD,,,,,,m/s,,,,,0,,,,1,1,,1
MY1.5MW,SCW004,SCW004.0,WORD,,,,,,m/s,,,,,0,,,,1,1,,1
MY1.5MW,SCW005,SCW005.0,WORD,,,,,,m/s,,,,,0,,,,1,1,,1
MY1.5MW,SCW006,SCW006.0,WORD,,,,,,m/s,,,,,0,,,,1,1,,
MY1.5MW,SCW007,SCW007.0,WORD,,,,,,m/s,,,,,0,,,,1,1,,
MY1.5MW,SCW008,SCW008.0,WORD,,,,,,m/s,,,,,0,,,,1,1,,
MY1.5MW,SCW009,SCW009.0,WORD,,,,,,m/s,,,,,0,,,,1,1,,
MY1.5MW,SCW010,SCW010.0,WORD,,,,,,m/s,,,,,0,,,,1,1,,
MY1.5MW,SCW011,SCW011.0,WORD,,,,,,m/s,,,,,0,,,,1,1,,
MY1.5MW,SCW012,SCW012.0,WORD,,,,,,m/s,,,,,0,,,,1,1,,
MY1.5MW,SCW013,SCW013.0,WORD,,,,,,m/s,,,,,0,,,,1,1,,
MY1.5MW,SCW014,SCW014.0,WORD,,,,,,m/s,,,,,0,,,,1,1,,
MY1.5MW,SCW015,SCW015.0,WORD,,,,,,m/s,,,,,0,,,,1,1,,
MY1.5MW,SCW016,SCW016.0,WORD,,,,,,m/s,,,,,0,,,,1,1,,
MY1.5MW,SCW017,SCW017.0,WORD,,,,,,m/s,,,,,0,,,,1,1,,
MY1.5MW,SCW018,SCW018.0,WORD,,,,,,m/s,,,,,0,,,,1,1,,
MY1.5MW,SCW019,SCW019.0,WORD,,,,,,m/s,,,,,0,,,,1,1,,
MY1.5MW,SCW020,SCW020.0,WORD,,,,,,m/s,,,,,0,,,,1,1,,
MY1.5MW,SCW021,SCW021.0,WORD,,,,,,m/s,,,,,0,,,,1,1,,
MY1.5MW,SCW022,SCW022.0,WORD,,,,,,m/s,,,,,0,,,,1,1,,
MY1.5MW,SCW023,SCW023.0,WORD,,,,,,m/s,,,,,0,,,,1,1,,
MY1.5MW,SCW024,SCW024.0,WORD,,,,,,m/s,,,,,0,,,,1,1,,
MY1.5MW,SCW025,SCW025.0,WORD,,,,,,m/s,,,,,0,,,,1,1,,
MY1.5MW,SCW041,SCW041.0,WORD,,,,,,m/s,,,,,0,,,,1,1,,
MY1.5MW,SCW042,SCW042.0,WORD,,,,,,m/s,,,,,0,,,,1,1,,
MY1.5MW,SCW043,SCW043.0,WORD,,,,,,m/s,,,,,0,,,,1,1,,
MY1.5MW,SCW044,SCW044.0,WORD,,,,,,m/s,,,,,0,,,,1,1,,
MY1.5MW,SCW045,SCW045.0,WORD,,,,,,m/s,,,,,0,,,,1,1,,
MY1.5MW,SCW046,SCW046.0,WORD,,,,,,m/s,,,,,0,,,,1,1,,
MY1.5MW,SCW047,SCW047.0,WORD,,,,,,m/s,,,,,0,,,,1,1,,
MY1.5MW,SCW048,SCW048.0,WORD,,,,,,m/s,,,,,0,,,,1,1,,
MY1.5MW,SCW049,SCW049.0,WORD,,,,,,m/s,,,,,0,,,,1,1,,
MY1.5MW,SCW050,SCW050.0,WORD,,,,,,m/s,,,,,0,,,,1,1,,
MY1.5MW,SCW051,SCW051.0,WORD,,,,,,m/s,,,,,0,,,,1,1,,
MY1.5MW,SCW052,SCW052.1,WORD,,,,,,m/s,,,,,0,,,,1,1,,
MY1.5MW,SCW053,SCW053.1,WORD,,,,,,m/s,,,,,0,,,,1,1,,
MY1.5MW,SCW066,SCW066.0,WORD,,,,,,m/s,,,,,0,,,,1,1,,
MY1.5MW,SCW067,SCW067.0,WORD,,,,,,m/s,,,,,0,,,,1,1,,
MY1.5MW,SCW068,SCW068.0,WORD,,,,,,m/s,,,,,0,,,,1,1,,
MY1.5MW,SCW069,SCW069.0,WORD,,,,,,m/s,,,,,0,,,,1,1,,
MY1.5MW,SCW070,SCW070.0,WORD,,,,,,m/s,,,,,0,,,,1,1,,
MY1.5MW,SCW071,SCW071.0,WORD,,,,,,m/s,,,,,0,,,,1,1,,
MY1.5MW,SCW072,SCW072.0,WORD,,,,,,m/s,,,,,0,,,,1,1,,
MY1.5MW,SCW086,SCW086.0,WORD,,,,,,m/s,,,,,0,,,,1,1,,
MY1.5MW,SCW087,SCW087.0,WORD,,,,,,m/s,,,,,0,,,,1,1,,
MY1.5MW,SCW092,SCW092.0,WORD,,,,,,m/s,,,,,0,,,,1,1,,
MY1.5MW,SCW093,SCW093.0,WORD,,,,,,m/s,,,,,0,,,,1,1,,
MY1.5MW,SCW094,SCW094.0,WORD,,,,,,m/s,,,,,0,,,,1,1,,
MY1.5MW,SCW095,SCW095.0,WORD,,,,,,m/s,,,,,0,,,,1,1,,
MY1.5MW,SCW096,SCW096.0,WORD,,,,,,m/s,,,,,0,,,,1,1,,
MY1.5MW,SCW097,SCW097.0,WORD,,,,,,m/s,,,,,0,,,,1,1,,
MY1.5MW,SCW098,SCW098.0,WORD,,,,,,m/s,,,,,0,,,,1,1,,
MY1.5MW,SCW111,SCW111.0,WORD,,,,,,m/s,,,,,0,,,,1,1,,
MY1.5MW,wSetYear,远程年设定值,WORD,,,,,,m/s,,,,,0,,,,1,1,,
MY1.5MW,wSetMonth,远程月设定值,WORD,,,,,,m/s,,,,,0,,,,1,1,,
MY1.5MW,wSetDayOfWeek,远程周设定值,WORD,,,,,,m/s,,,,,0,,,,1,1,,
MY1.5MW,wSetDay,远程日设定值,WORD,,,,,,m/s,,,,,0,,,,1,1,,
MY1.5MW,wSetHour,远程小时设定值,WORD,,,,,,m/s,,,,,0,,,,1,1,,
MY1.5MW,wSetMinute,远程分钟设定值,WORD,,,,,,m/s,,,,,0,,,,1,1,,
MY1.5MW,wSetSecond,远程秒设定值,WORD,,,,,,m/s,,,,,0,,,,1,1,,
MY1.5MW,wSetMilliseconds,远程毫秒设定值,WORD,,,,,,m/s,,,,,0,,,,1,1,,
MY1.5MW,gbYawSTOP_Remote,偏航远方手动停止,WORD,,,,,,m/s,,,,,0,,,,1,1,,
MY1.5MW,gbYawCCW_Remote,偏航远方手动CCW动作,WORD,,,,,,m/s,,,,,0,,,,1,1,,
MY1.5MW,gbYawCW_Remote,偏航远方手动CW动作,WORD,,,,,,m/s,,,,,0,,,,1,1,,
MY1.5MW,gbYawManual_Remote,偏航手动,WORD,,,,,,m/s,,,,,0,,,,1,1,,
MY1.5MW,gbWECStop_Remote,机组远方停止,WORD,,,,,,m/s,,,,,0,,,,1,1,,
MY1.5MW,gbWECQuickStart_Remote,机组远方启动,WORD,,,,,,m/s,,,,,0,,,,1,1,,
MY1.5MW,gbSetLocalTime,远程设定本地时间,WORD,,,,,,m/s,,,,,0,,,,1,1,,
MY1.5MW,gbRemoteReset ,远程复位,WORD,,,,,,m/s,,,,,0,,,,1,1,,
MY1.5MW,DQ_MVTrafoHCBRemoteON_SCADA,箱变遥控信号,WORD,,,,,,m/s,,,,,0,,,,1,1,,
MY1.5MW,DQ_MVTrafoHCBRemoteOFF_SCADA,箱变遥控信号,WORD,,,,,,m/s,,,,,0,,,,1,1,,
MY1.5MW,DQ_MVTrafoLCBRemoteON_SCADA,箱变遥控信号,WORD,,,,,,m/s,,,,,0,,,,1,1,,
MY1.5MW,DQ_MVTrafoLCBRemoteOFF_SCADA,箱变遥控信号,WORD,,,,,,m/s,,,,,0,,,,1,1,,
MY1.5MW,gbSetValuePoweratMaxRemote,远程限功率使能,WORD,,,,,,m/s,,,,,0,,,,1,1,,
MY1.5MW,wRemoteSetCosPhiMode,无功限制模式0不限1恒功率因数2恒无功3恒电压,WORD,,,,,,m/s,,,,,0,,,,1,1,,
MY1.5MW,wRemoteSetTyphoonMode,台风模式0无台风模式1指定偏航角度模式2不指定偏航角度模式,WORD,,,,,,m/s,,,,,0,,,,1,1,,
MY1.5MW,PAR_rSetValueRPMatNominalPower,有功功率设定转速设定值,REAL,,,,,,m/s,,,,,0,,,,1,1,,
MY1.5MW,grSetValueManualCosPhiControl_Remote,远程功率因素设置值,REAL,,,,,,m/s,,,,,0,,,,1,1,,
MY1.5MW,grSetValueReactivePower,远程无功设定值,REAL,,,,,,m/s,,,,,0,,,,1,1,,
MY1.5MW,grSetValueVoltageControl,远程电压控制目标,REAL,,,,,,m/s,,,,,0,,,,1,1,,
MY1.5MW,grTyphoonModeLockDegreeRemote,台风模式偏航角度设定,REAL,,,,,,m/s,,,,,0,,,,1,1,,
MY1.5MW,wControl1_RemCOM,控制字1,WORD,,,,,,m/s,,,,,0,,,,1,1,,
MY1.5MW,grWecRemotControlStop,停机命令,REAL,,,,,,m/s,,,,,0,,,,1,1,,
MY1.5MW,DQ_NacelleStartYawCCW,偏航逆时针,BOOL,,,,,,m/s,,,,,0,,,,1,1,,
MY1.5MW,DQ_NacelleStartYawCW,偏航顺时针,BOOL,,,,,,m/s,,,,,0,,,,1,1,,
MY1.5MW,entercount,记录数,int32,,,,,,m/s,,,,,,,,,1,1,,
MY1.5MW,TurbineStatus,风机状态,int32,,,,,,m/s,,,,,,,,,1,1,,
MY1.5MW,EnterType,,int32,,,,,,m/s,,,,,,,,,1,1,,1
MY1.5MW,gbMAIN_WECStop,风机停机信号,BOOL,,,,,,m/s,,,,,,,,,1,1,,
MY1.5MW,gbMAIN_WECinService,风机机组维护,BOOL,,,,,,m/s,,,,,,,,,1,1,,
MY1.5MW,gbSurroundingFator,风机外部环境影响停机,BOOL,,,,,,m/s,,,,,,,,,1,1,,
,,,,,,,,,,,,,,,,,,,,,
,,,,,,,,,,,,,,,,,,,,,
,,,,,,,,,,,,,,,,,,,,,
Aux_TowerStress,TowerChannnel_30,塔筒30度应力,real,,,TowerChannnel,,,KN,,,,,2,1,,,1,1,,
Aux_TowerStress,TowerChannnel_90,塔筒90度应力,real,,,TowerChannnel,,,KN,,,,,2,2,,,1,1,,
Aux_TowerStress,TowerChannnel_150,塔筒150度应力,real,,,TowerChannnel,,,KN,,,,,2,3,,,1,1,,
Aux_TowerStress,TowerChannnel_210,塔筒210度应力,real,,,TowerChannnel,,,KN,,,,,2,4,,,1,1,,
Aux_TowerStress,TowerChannnel_270,塔筒270度应力,real,,,TowerChannnel,,,KN,,,,,2,5,,,1,1,,
Aux_TowerStress,TowerChannnel_330,塔筒330度应力,real,,,TowerChannnel,,,KN,,,,,2,6,,,1,1,,
Aux_TowerStress,FoundationChannel_22_5,基础22.5度应力,real,,,FoundationChannel,,,KN,,,,,2,1,,,1,1,,
Aux_TowerStress,FoundationChannel_67_5,基础67.5度应力,real,,,FoundationChannel,,,KN,,,,,2,2,,,1,1,,
Aux_TowerStress,FoundationChannel_112_5,基础112.5度应力,real,,,FoundationChannel,,,KN,,,,,2,3,,,1,1,,
Aux_TowerStress,FoundationChannel_157_5,基础157.5度应力,real,,,FoundationChannel,,,KN,,,,,2,4,,,1,1,,
Aux_TowerStress,FoundationChannel_202_5,基础202.5度应力,real,,,FoundationChannel,,,KN,,,,,2,5,,,1,1,,
Aux_TowerStress,FoundationChannel_247_5,基础247.5度应力,real,,,FoundationChannel,,,KN,,,,,2,6,,,1,1,,
Aux_TowerStress,FoundationChannel_292_5,基础292.5度应力,real,,,FoundationChannel,,,KN,,,,,2,7,,,1,1,,
Aux_TowerStress,FoundationChannel_337_5,基础337.5度应力,real,,,FoundationChannel,,,KN,,,,,2,8,,,1,1,,
Aux_TowerStress,DoorChannel,塔筒门应力,real,,,DoorChannel,,,KN,,,,,2,,,,1,1,,
Aux_TowerStress,CableHoleChannel,电缆孔应力,real,,,CableHoleChannel,,,KN,,,,,2,,,,1,1,,
Aux_TowerStress,WindSpeed,风速,real,,,Tower,,,KN,,,,,2,,,,1,1,,
Aux_TowerStress,NacelleDirection,机舱风向,real,,,Tower,,,KN,,,,,2,,,,1,1,,
Aux_TowerStress,GeneratorRotateSpeed,发电机转速,real,,,Tower,,,KN,,,,,2,,,,1,1,,
Aux_TowerStress,Power,功率,real,,,Tower,,,KN,,,,,2,,,,1,1,,
Aux_TowerStress,PitchAngle,变桨角度,real,,,Tower,,,KN,,,,,2,,,,1,1,,
Aux_TowerStress,Az_nac,机舱方位角,real,,,Tower,,,KN,,,,,2,,,,1,1,,
Aux_TowerStress,Az_rotor,风轮相位角,real,,,Tower,,,KN,,,,,2,,,,1,1,,
Aux_TowerStress,Grid,并网状态,real,,,Tower,,,KN,,,,,2,,,,1,1,,
Aux_TowerStress,Yaw,偏航状态,real,,,Tower,,,KN,,,,,2,,,,1,1,,
Aux_TowerStress,Stop,停机状态,real,,,Tower,,,KN,,,,,2,,,,1,1,,
Aux_TowerStress,Brake,刹车状态,real,,,Tower,,,KN,,,,,2,,,,1,1,,
Aux_TowerStress,P_limit,限功率,real,,,Tower,,,KN,,,,,2,,,,1,1,,
Aux_TowerStress,EarlyWarning_TowerChannnel_30,早期预警塔筒30度,real,,,,,,,,,,,2,,,,1,1,,
Aux_TowerStress,EarlyWarning_TowerChannnel_90,早期预警塔筒90度,real,,,,,,,,,,,2,,,,1,1,,
Aux_TowerStress,EarlyWarning_TowerChannnel_150,早期预警塔筒150度,real,,,,,,,,,,,2,,,,1,1,,
Aux_TowerStress,EarlyWarning_TowerChannnel_210,早期预警塔筒210度,real,,,,,,,,,,,2,,,,1,1,,
Aux_TowerStress,EarlyWarning_TowerChannnel_270,早期预警塔筒270度,real,,,,,,,,,,,2,,,,1,1,,
Aux_TowerStress,EarlyWarning_TowerChannnel_330,早期预警塔筒330度,real,,,,,,,,,,,2,,,,1,1,,
Aux_TowerStress,EarlyWarning_FoundationChannel_22_5,早期预警基础22.5度,real,,,,,,,,,,,2,,,,1,1,,
Aux_TowerStress,EarlyWarning_FoundationChannel_67_5,早期预警基础67.5度,real,,,,,,,,,,,2,,,,1,1,,
Aux_TowerStress,EarlyWarning_FoundationChannel_112_5,早期预警基础112.5度,real,,,,,,,,,,,2,,,,1,1,,
Aux_TowerStress,EarlyWarning_FoundationChannel_157_5,早期预警基础157.5度,real,,,,,,,,,,,2,,,,1,1,,
Aux_TowerStress,EarlyWarning_FoundationChannel_202_5,早期预警基础202.5度,real,,,,,,,,,,,2,,,,1,1,,
Aux_TowerStress,EarlyWarning_FoundationChannel_247_5,早期预警基础247.5度,real,,,,,,,,,,,2,,,,1,1,,
Aux_TowerStress,EarlyWarning_FoundationChannel_292_5,早期预警基础292.5度,real,,,,,,,,,,,2,,,,1,1,,
Aux_TowerStress,EarlyWarning_FoundationChannel_337_5,3早期预警基础37.5度,real,,,,,,,,,,,2,,,,1,1,,
Aux_TowerStress,EarlyWarning_DoorChannel,早期预警塔筒门信号,real,,,,,,,,,,,2,,,,1,1,,
Aux_TowerStress,EarlyWarning_CableHoleChannel,早期预警线缆孔信号,real,,,,,,,,,,,2,,,,1,1,,
Aux_TowerStress,Warning_TowerChannnel_30,报警塔筒30度信号,real,,,,,,,,,,,2,,,,1,1,,
Aux_TowerStress,Warning_TowerChannnel_90,报警塔筒90度,real,,,,,,,,,,,2,,,,1,1,,
Aux_TowerStress,Warning_TowerChannnel_150,报警塔筒150度,real,,,,,,,,,,,2,,,,1,1,,
Aux_TowerStress,Warning_TowerChannnel_210,报警塔筒210度,real,,,,,,,,,,,2,,,,1,1,,
Aux_TowerStress,Warning_TowerChannnel_270,报警塔筒270度,real,,,,,,,,,,,2,,,,1,1,,
Aux_TowerStress,Warning_TowerChannnel_330,报警塔筒330度,real,,,,,,,,,,,2,,,,1,1,,
Aux_TowerStress,Warning_FoundationChannel_22_5,报警基础22.5度信号,real,,,,,,,,,,,2,,,,1,1,,
Aux_TowerStress,Warning_FoundationChannel_67_5,报警基础67.5度,real,,,,,,,,,,,2,,,,1,1,,
Aux_TowerStress,Warning_FoundationChannel_112_5,报警基础112.5度,real,,,,,,,,,,,2,,,,1,1,,
Aux_TowerStress,Warning_FoundationChannel_157_5,报警基础157.5度,real,,,,,,,,,,,2,,,,1,1,,
Aux_TowerStress,Warning_FoundationChannel_202_5,报警基础202.5度,real,,,,,,,,,,,2,,,,1,1,,
Aux_TowerStress,Warning_FoundationChannel_247_5,报警基础247.5度,real,,,,,,,,,,,2,,,,1,1,,
Aux_TowerStress,Warning_FoundationChannel_292_5,报警基础292.5度,real,,,,,,,,,,,2,,,,1,1,,
Aux_TowerStress,Warning_FoundationChannel_337_5,报警基础337.5度,real,,,,,,,,,,,2,,,,1,1,,
Aux_TowerStress,Warning_DoorChannel,报警塔筒门信号,real,,,,,,,,,,,2,,,,1,1,,
Aux_TowerStress,Warning_CableHoleChannel,报警电缆孔信号,real,,,,,,,,,,,2,,,,1,1,,
,,,,,,,,,,,,,,,,,,,,,
Aux_PitchState,Pitch1TDR,叶片1有效能量TDR,real,,,Pitch1,,3001,KN,,,,,2,,,,1,1,,
Aux_PitchState,Pitch1TDK,叶片1冲击系数TDK,real,,,Pitch1,,3002,KN,,,,,0,,,,1,1,,
Aux_PitchState,Pitch1TDF,叶片1呼啸因子TDF,real,,,Pitch1,,3003,KN,,,,,2,,,,1,1,,
Aux_PitchState,Pitch1BSC,叶片1谱相关系数BSC,real,,,Pitch1,,3004,KN,,,,,2,,,,1,1,,
Aux_PitchState,Pitch1surfaceAlarm,叶片1表面损伤预警等级(0:正常/1:注意/2:报警),real,,,Pitch1,,3005,KN,,,,,0,,,,1,1,,
Aux_PitchState,Pitch1structAlarm,叶片1结构损伤预警(0:正常/1:预警),real,,,Pitch1,,3006,KN,,,,,0,,,,1,1,,
Aux_PitchState,Pitch2TDR,叶片2有效能量TDR,real,,,Pitch2,,3007,KN,,,,,2,,,,1,1,,
Aux_PitchState,Pitch2TDK,叶片2冲击系数TDK,real,,,Pitch2,,3008,KN,,,,,0,,,,1,1,,
Aux_PitchState,Pitch2TDF,叶片2呼啸因子TDF,real,,,Pitch2,,3009,KN,,,,,2,,,,1,1,,
Aux_PitchState,Pitch2BSC,叶片2谱相关系数BSC,real,,,Pitch2,,3010,KN,,,,,2,,,,1,1,,
Aux_PitchState,Pitch2surfaceAlarm,叶片2表面损伤预警等级(0:正常/1:注意/2:报警),real,,,Pitch2,,3011,KN,,,,,0,,,,1,1,,
Aux_PitchState,Pitch2structAlarm,叶片2结构损伤预警(0:正常/1:预警),real,,,Pitch2,,3012,KN,,,,,0,,,,1,1,,
Aux_PitchState,Pitch3TDR,叶片3有效能量TDR,real,,,Pitch3,,3013,KN,,,,,2,,,,1,1,,
Aux_PitchState,Pitch3TDK,叶片3冲击系数TDK,real,,,Pitch3,,3014,KN,,,,,0,,,,1,1,,
Aux_PitchState,Pitch3TDF,叶片3呼啸因子TDF,real,,,Pitch3,,3015,KN,,,,,2,,,,1,1,,
Aux_PitchState,Pitch3BSC,叶片3谱相关系数BSC,real,,,Pitch3,,3016,KN,,,,,2,,,,1,1,,
Aux_PitchState,Pitch3surfaceAlarm,叶片3表面损伤预警等级(0:正常/1:注意/2:报警),real,,,Pitch3,,3017,KN,,,,,0,,,,1,1,,
Aux_PitchState,Pitch3structAlarm,叶片3结构损伤预警(0:正常/1:预警),real,,,Pitch3,,3018,KN,,,,,0,,,,1,1,,
Aux_PitchState,PitchAnglePB,桨距角偏差系数PB,real,,1,Pitch,,3019,KN,,,,,2,,,,1,1,,
Aux_PitchState,Pitchimbalance,不平衡预警状态(0:正常/1:预警),real,,1,Pitch,,3020,KN,,,,,0,,,,1,1,,
Aux_PitchState,PitchComErrotr,采集器通讯异常(0:正常/1:预警),real,,1,Pitch,,3021,KN,,,,,0,,,,1,1,,
Aux_PitchState,Pitch1VibrationY,叶片1Y传感器异常(0:正常/1:预警),real,,,Pitch1,,3022,KN,,,,,0,,,,1,1,,
Aux_PitchState,Pitch1VibrationZ,叶片1Z传感器异常(0:正常/1:预警),real,,,Pitch1,,3023,KN,,,,,0,,,,1,1,,
Aux_PitchState,Pitch2VibrationY,叶片2Y传感器异常(0:正常/1:预警),real,,,Pitch2,,3024,KN,,,,,0,,,,1,1,,
Aux_PitchState,Pitch2VibrationZ,叶片2Z传感器异常(0:正常/1:预警),real,,,Pitch2,,3025,KN,,,,,0,,,,1,1,,
Aux_PitchState,Pitch3VibrationY,叶片3Y传感器异常(0:正常/1:预警),real,,,Pitch3,,3026,KN,,,,,0,,,,1,1,,
Aux_PitchState,Pitch3VibrationZ,叶片3Z传感器异常(0:正常/1:预警),real,,,Pitch3,,3027,KN,,,,,0,,,,1,1,,
,,,,,,,,,,,,,,,,,,,,,
Aux_PitchState,Pitch1surfaceAlarm_State,叶片1表面损伤预警等级(0:正常/1:注意/2:报警)_实时状态,INT,TRUE,,,,,,,,,,0,,,,1,1,,
Aux_PitchState,Pitch1structAlarm_State,叶片1结构损伤预警(0:正常/1:预警)_实时状态,INT,TRUE,,,,,,,,,,0,,,,1,1,,
Aux_PitchState,Pitch2surfaceAlarm_State,叶片2表面损伤预警等级(0:正常/1:注意/2:报警)_实时状态,INT,TRUE,,,,,,,,,,0,,,,1,1,,
Aux_PitchState,Pitch2structAlarm_State,叶片2结构损伤预警(0:正常/1:预警)_实时状态,INT,TRUE,,,,,,,,,,0,,,,1,1,,
Aux_PitchState,Pitch3surfaceAlarm_State,叶片3表面损伤预警等级(0:正常/1:注意/2:报警)_实时状态,INT,TRUE,,,,,,,,,,0,,,,1,1,,
Aux_PitchState,Pitch3structAlarm_State,叶片3结构损伤预警(0:正常/1:预警)_实时状态,INT,TRUE,,,,,,,,,,0,,,,1,1,,
Aux_PitchState,Pitchimbalance_State,不平衡预警状态(0:正常/1:预警)_实时状态,INT,TRUE,,,,,,,,,,0,,,,1,1,,
Aux_PitchState,PitchComErrotr_State,采集器通讯异常(0:正常/1:预警)_实时状态,INT,TRUE,,,,,,,,,,0,,,,1,1,,
Aux_PitchState,Pitch1VibrationY_State,叶片1Y传感器异常(0:正常/1:预警)_实时状态,INT,TRUE,,,,,,,,,,0,,,,1,1,,
Aux_PitchState,Pitch1VibrationZ_State,叶片1Z传感器异常(0:正常/1:预警)_实时状态,INT,TRUE,,,,,,,,,,0,,,,1,1,,
Aux_PitchState,Pitch2VibrationY_State,叶片2Y传感器异常(0:正常/1:预警)_实时状态,INT,TRUE,,,,,,,,,,0,,,,1,1,,
Aux_PitchState,Pitch2VibrationZ_State,叶片2Z传感器异常(0:正常/1:预警)_实时状态,INT,TRUE,,,,,,,,,,0,,,,1,1,,
Aux_PitchState,Pitch3VibrationY_State,叶片3Y传感器异常(0:正常/1:预警)_实时状态,INT,TRUE,,,,,,,,,,0,,,,1,1,,
Aux_PitchState,Pitch3VibrationZ_State,叶片3Z传感器异常(0:正常/1:预警)_实时状态,INT,TRUE,,,,,,,,,,0,,,,1,1,,
,,,,,,,,,,,,,,,,,,,,,
Aux_PitchState,Pitch1surfaceAlarm_Time,叶片1表面损伤预警等级(0:正常/1:注意/2:报警)_状态开始时间,INT,TRUE,,,,,,,,,,0,,,,1,1,,
Aux_PitchState,Pitch1structAlarm_Time,叶片1结构损伤预警(0:正常/1:预警)_状态开始时间,INT,TRUE,,,,,,,,,,0,,,,1,1,,
Aux_PitchState,Pitch2surfaceAlarm_Time,叶片2表面损伤预警等级(0:正常/1:注意/2:报警)_状态开始时间,INT,TRUE,,,,,,,,,,0,,,,1,1,,
Aux_PitchState,Pitch2structAlarm_Time,叶片2结构损伤预警(0:正常/1:预警)_状态开始时间,INT,TRUE,,,,,,,,,,0,,,,1,1,,
Aux_PitchState,Pitch3surfaceAlarm_Time,叶片3表面损伤预警等级(0:正常/1:注意/2:报警)_状态开始时间,INT,TRUE,,,,,,,,,,0,,,,1,1,,
Aux_PitchState,Pitch3structAlarm_Time,叶片3结构损伤预警(0:正常/1:预警)_状态开始时间,INT,TRUE,,,,,,,,,,0,,,,1,1,,
Aux_PitchState,Pitchimbalance_Time,不平衡预警状态(0:正常/1:预警)_状态开始时间,INT,TRUE,,,,,,,,,,0,,,,1,1,,
Aux_PitchState,PitchComErrotr_Time,采集器通讯异常(0:正常/1:预警)_状态开始时间,INT,TRUE,,,,,,,,,,0,,,,1,1,,
Aux_PitchState,Pitch1VibrationY_Time,叶片1Y传感器异常(0:正常/1:预警)_状态开始时间,INT,TRUE,,,,,,,,,,0,,,,1,1,,
Aux_PitchState,Pitch1VibrationZ_Time,叶片1Z传感器异常(0:正常/1:预警)_状态开始时间,INT,TRUE,,,,,,,,,,0,,,,1,1,,
Aux_PitchState,Pitch2VibrationY_Time,叶片2Y传感器异常(0:正常/1:预警)_状态开始时间,INT,TRUE,,,,,,,,,,0,,,,1,1,,
Aux_PitchState,Pitch2VibrationZ_Time,叶片2Z传感器异常(0:正常/1:预警)_状态开始时间,INT,TRUE,,,,,,,,,,0,,,,1,1,,
Aux_PitchState,Pitch3VibrationY_Time,叶片3Y传感器异常(0:正常/1:预警)_状态开始时间,INT,TRUE,,,,,,,,,,0,,,,1,1,,
Aux_PitchState,Pitch3VibrationZ_Time,叶片3Z传感器异常(0:正常/1:预警)_状态开始时间,INT,TRUE,,,,,,,,,,0,,,,1,1,,
,,,,,,,,,,,,,,,,,,,,,
,,,,,,,,,,,,,,,,,,,,,
,,,,,,,,,,,,,,,,,,,,,
,,,,,,,,,,,,,,,,,,,,,
Aux_BoltLoad,Turbine_FL1_M1,法兰1-1号监测螺栓预紧力,real,,,FL1,,,KN,,,,,0,1,,,1,1,,
Aux_BoltLoad,Turbine_FL1_M2,法兰1-2号监测螺栓预紧力,real,,,FL1,,,KN,,,,,0,2,,,1,1,,
Aux_BoltLoad,Turbine_FL1_M3,法兰1-3号监测螺栓预紧力,real,,,FL1,,,KN,,,,,0,3,,,1,1,,
Aux_BoltLoad,Turbine_FL1_M4,法兰1-4号监测螺栓预紧力,real,,,FL1,,,KN,,,,,0,4,,,1,1,,
Aux_BoltLoad,Turbine_FL1_M5,法兰1-5号监测螺栓预紧力,real,,,FL1,,,KN,,,,,0,5,,,1,1,,
Aux_BoltLoad,Turbine_FL1_M6,法兰1-6号监测螺栓预紧力,real,,,FL1,,,KN,,,,,0,6,,,1,1,,
Aux_BoltLoad,Turbine_FL2_M1,法兰2-1号监测螺栓预紧力,real,,,FL2,,,KN,,,,,0,1,,,1,1,,
Aux_BoltLoad,Turbine_FL2_M2,法兰2-2号监测螺栓预紧力,real,,,FL2,,,KN,,,,,0,2,,,1,1,,
Aux_BoltLoad,Turbine_FL2_M3,法兰2-3号监测螺栓预紧力,real,,,FL2,,,KN,,,,,0,3,,,1,1,,
Aux_BoltLoad,Turbine_FL2_M4,法兰2-4号监测螺栓预紧力,real,,,FL2,,,KN,,,,,0,4,,,1,1,,
Aux_BoltLoad,Turbine_FL2_M5,法兰2-5号监测螺栓预紧力,real,,,FL2,,,KN,,,,,0,5,,,1,1,,
Aux_BoltLoad,Turbine_FL2_M6,法兰2-6号监测螺栓预紧力,real,,,FL2,,,KN,,,,,0,6,,,1,1,,
Aux_BoltLoad,Turbine_FL3_M1,法兰3-1号监测螺栓预紧力,real,,,FL3,,,KN,,,,,0,1,,,1,1,,
Aux_BoltLoad,Turbine_FL3_M2,法兰3-2号监测螺栓预紧力,real,,,FL3,,,KN,,,,,0,2,,,1,1,,
Aux_BoltLoad,Turbine_FL3_M3,法兰3-3号监测螺栓预紧力,real,,,FL3,,,KN,,,,,0,3,,,1,1,,
Aux_BoltLoad,Turbine_FL3_M4,法兰3-4号监测螺栓预紧力,real,,,FL3,,,KN,,,,,0,4,,,1,1,,
Aux_BoltLoad,Turbine_FL3_M5,法兰3-5号监测螺栓预紧力,real,,,FL3,,,KN,,,,,0,5,,,1,1,,
Aux_BoltLoad,Turbine_FL3_M6,法兰3-6号监测螺栓预紧力,real,,,FL3,,,KN,,,,,0,6,,,1,1,,
Aux_BoltLoad,Turbine_FL4_M1,法兰4-1号监测螺栓预紧力,real,,,FL4,,,KN,,,,,0,1,,,1,1,,
Aux_BoltLoad,Turbine_FL4_M2,法兰4-2号监测螺栓预紧力,real,,,FL4,,,KN,,,,,0,2,,,1,1,,
Aux_BoltLoad,Turbine_FL4_M3,法兰4-3号监测螺栓预紧力,real,,,FL4,,,KN,,,,,0,3,,,1,1,,
Aux_BoltLoad,Turbine_FL4_M4,法兰4-4号监测螺栓预紧力,real,,,FL4,,,KN,,,,,0,4,,,1,1,,
Aux_BoltLoad,Turbine_FL4_M5,法兰4-5号监测螺栓预紧力,real,,,FL4,,,KN,,,,,0,5,,,1,1,,
Aux_BoltLoad,Turbine_FL4_M6,法兰4-6号监测螺栓预紧力,real,,,FL4,,,KN,,,,,0,6,,,1,1,,
Aux_BoltLoad,Turbine_FL5_M1,法兰5-1号监测螺栓预紧力,real,,,FL5,,,KN,,,,,0,1,,,1,1,,
Aux_BoltLoad,Turbine_FL5_M2,法兰5-2号监测螺栓预紧力,real,,,FL5,,,KN,,,,,0,2,,,1,1,,
Aux_BoltLoad,Turbine_FL5_M3,法兰5-3号监测螺栓预紧力,real,,,FL5,,,KN,,,,,0,3,,,1,1,,
Aux_BoltLoad,Turbine_FL5_M4,法兰5-4号监测螺栓预紧力,real,,,FL5,,,KN,,,,,0,4,,,1,1,,
Aux_BoltLoad,Turbine_FL5_M5,法兰5-5号监测螺栓预紧力,real,,,FL5,,,KN,,,,,0,5,,,1,1,,
Aux_BoltLoad,Turbine_FL5_M6,法兰5-6号监测螺栓预紧力,real,,,FL5,,,KN,,,,,0,6,,,1,1,,
,,,,,,,,,,,,,,,,,,,,,
Aux_BoltLoad,Turbine_FL1_M1_State,法兰1-1号监测螺栓预紧力状态_实时状态,DateTime,TRUE,,,,,,,,,,0,,,,1,1,,
Aux_BoltLoad,Turbine_FL1_M2_State,法兰1-2号监测螺栓预紧力状态_实时状态,DateTime,TRUE,,,,,,,,,,0,,,,1,1,,
Aux_BoltLoad,Turbine_FL1_M3_State,法兰1-3号监测螺栓预紧力状态_实时状态,DateTime,TRUE,,,,,,,,,,0,,,,1,1,,
Aux_BoltLoad,Turbine_FL1_M4_State,法兰1-4号监测螺栓预紧力状态_实时状态,DateTime,TRUE,,,,,,,,,,0,,,,1,1,,
Aux_BoltLoad,Turbine_FL1_M5_State,法兰1-5号监测螺栓预紧力状态_实时状态,DateTime,TRUE,,,,,,,,,,0,,,,1,1,,
Aux_BoltLoad,Turbine_FL1_M6_State,法兰1-6号监测螺栓预紧力状态_实时状态,DateTime,TRUE,,,,,,,,,,0,,,,1,1,,
Aux_BoltLoad,Turbine_FL2_M1_State,法兰2-1号监测螺栓预紧力状态_实时状态,DateTime,TRUE,,,,,,,,,,0,,,,1,1,,
Aux_BoltLoad,Turbine_FL2_M2_State,法兰2-2号监测螺栓预紧力状态_实时状态,DateTime,TRUE,,,,,,,,,,0,,,,1,1,,
Aux_BoltLoad,Turbine_FL2_M3_State,法兰2-3号监测螺栓预紧力状态_实时状态,DateTime,TRUE,,,,,,,,,,0,,,,1,1,,
Aux_BoltLoad,Turbine_FL2_M4_State,法兰2-4号监测螺栓预紧力状态_实时状态,DateTime,TRUE,,,,,,,,,,0,,,,1,1,,
Aux_BoltLoad,Turbine_FL2_M5_State,法兰2-5号监测螺栓预紧力状态_实时状态,DateTime,TRUE,,,,,,,,,,0,,,,1,1,,
Aux_BoltLoad,Turbine_FL2_M6_State,法兰2-6号监测螺栓预紧力状态_实时状态,DateTime,TRUE,,,,,,,,,,0,,,,1,1,,
Aux_BoltLoad,Turbine_FL3_M1_State,法兰3-1号监测螺栓预紧力状态_实时状态,DateTime,TRUE,,,,,,,,,,0,,,,1,1,,
Aux_BoltLoad,Turbine_FL3_M2_State,法兰3-2号监测螺栓预紧力状态_实时状态,DateTime,TRUE,,,,,,,,,,0,,,,1,1,,
Aux_BoltLoad,Turbine_FL3_M3_State,法兰3-3号监测螺栓预紧力状态_实时状态,DateTime,TRUE,,,,,,,,,,0,,,,1,1,,
Aux_BoltLoad,Turbine_FL3_M4_State,法兰3-4号监测螺栓预紧力状态_实时状态,DateTime,TRUE,,,,,,,,,,0,,,,1,1,,
Aux_BoltLoad,Turbine_FL3_M5_State,法兰3-5号监测螺栓预紧力状态_实时状态,DateTime,TRUE,,,,,,,,,,0,,,,1,1,,
Aux_BoltLoad,Turbine_FL3_M6_State,法兰3-6号监测螺栓预紧力状态_实时状态,DateTime,TRUE,,,,,,,,,,0,,,,1,1,,
Aux_BoltLoad,Turbine_FL4_M1_State,法兰4-1号监测螺栓预紧力状态_实时状态,DateTime,TRUE,,,,,,,,,,0,,,,1,1,,
Aux_BoltLoad,Turbine_FL4_M2_State,法兰4-2号监测螺栓预紧力状态_实时状态,DateTime,TRUE,,,,,,,,,,0,,,,1,1,,
Aux_BoltLoad,Turbine_FL4_M3_State,法兰4-3号监测螺栓预紧力状态_实时状态,DateTime,TRUE,,,,,,,,,,0,,,,1,1,,
Aux_BoltLoad,Turbine_FL4_M4_State,法兰4-4号监测螺栓预紧力状态_实时状态,DateTime,TRUE,,,,,,,,,,0,,,,1,1,,
Aux_BoltLoad,Turbine_FL4_M5_State,法兰4-5号监测螺栓预紧力状态_实时状态,DateTime,TRUE,,,,,,,,,,0,,,,1,1,,
Aux_BoltLoad,Turbine_FL4_M6_State,法兰4-6号监测螺栓预紧力状态_实时状态,DateTime,TRUE,,,,,,,,,,0,,,,1,1,,
Aux_BoltLoad,Turbine_FL5_M1_State,法兰5-1号监测螺栓预紧力状态_实时状态,DateTime,TRUE,,,,,,,,,,0,,,,1,1,,
Aux_BoltLoad,Turbine_FL5_M2_State,法兰5-2号监测螺栓预紧力状态_实时状态,DateTime,TRUE,,,,,,,,,,0,,,,1,1,,
Aux_BoltLoad,Turbine_FL5_M3_State,法兰5-3号监测螺栓预紧力状态_实时状态,DateTime,TRUE,,,,,,,,,,0,,,,1,1,,
Aux_BoltLoad,Turbine_FL5_M4_State,法兰5-4号监测螺栓预紧力状态_实时状态,DateTime,TRUE,,,,,,,,,,0,,,,1,1,,
Aux_BoltLoad,Turbine_FL5_M5_State,法兰5-5号监测螺栓预紧力状态_实时状态,DateTime,TRUE,,,,,,,,,,0,,,,1,1,,
Aux_BoltLoad,Turbine_FL5_M6_State,法兰5-6号监测螺栓预紧力状态_实时状态,DateTime,TRUE,,,,,,,,,,0,,,,1,1,,
,,,,,,,,,,,,,,,,,,,,,
Aux_BoltLoad,Turbine_FL1_M1_Time,法兰1-1号监测螺栓预紧力状态_状态开始时间,DateTime,TRUE,,,,,,,,,,0,,,,1,1,,
Aux_BoltLoad,Turbine_FL1_M2_Time,法兰1-2号监测螺栓预紧力状态_状态开始时间,DateTime,TRUE,,,,,,,,,,0,,,,1,1,,
Aux_BoltLoad,Turbine_FL1_M3_Time,法兰1-3号监测螺栓预紧力状态_状态开始时间,DateTime,TRUE,,,,,,,,,,0,,,,1,1,,
Aux_BoltLoad,Turbine_FL1_M4_Time,法兰1-4号监测螺栓预紧力状态_状态开始时间,DateTime,TRUE,,,,,,,,,,0,,,,1,1,,
Aux_BoltLoad,Turbine_FL1_M5_Time,法兰1-5号监测螺栓预紧力状态_状态开始时间,DateTime,TRUE,,,,,,,,,,0,,,,1,1,,
Aux_BoltLoad,Turbine_FL1_M6_Time,法兰1-6号监测螺栓预紧力状态_状态开始时间,DateTime,TRUE,,,,,,,,,,0,,,,1,1,,
Aux_BoltLoad,Turbine_FL2_M1_Time,法兰2-1号监测螺栓预紧力状态_状态开始时间,DateTime,TRUE,,,,,,,,,,0,,,,1,1,,
Aux_BoltLoad,Turbine_FL2_M2_Time,法兰2-2号监测螺栓预紧力状态_状态开始时间,DateTime,TRUE,,,,,,,,,,0,,,,1,1,,
Aux_BoltLoad,Turbine_FL2_M3_Time,法兰2-3号监测螺栓预紧力状态_状态开始时间,DateTime,TRUE,,,,,,,,,,0,,,,1,1,,
Aux_BoltLoad,Turbine_FL2_M4_Time,法兰2-4号监测螺栓预紧力状态_状态开始时间,DateTime,TRUE,,,,,,,,,,0,,,,1,1,,
Aux_BoltLoad,Turbine_FL2_M5_Time,法兰2-5号监测螺栓预紧力状态_状态开始时间,DateTime,TRUE,,,,,,,,,,0,,,,1,1,,
Aux_BoltLoad,Turbine_FL2_M6_Time,法兰2-6号监测螺栓预紧力状态_状态开始时间,DateTime,TRUE,,,,,,,,,,0,,,,1,1,,
Aux_BoltLoad,Turbine_FL3_M1_Time,法兰3-1号监测螺栓预紧力状态_状态开始时间,DateTime,TRUE,,,,,,,,,,0,,,,1,1,,
Aux_BoltLoad,Turbine_FL3_M2_Time,法兰3-2号监测螺栓预紧力状态_状态开始时间,DateTime,TRUE,,,,,,,,,,0,,,,1,1,,
Aux_BoltLoad,Turbine_FL3_M3_Time,法兰3-3号监测螺栓预紧力状态_状态开始时间,DateTime,TRUE,,,,,,,,,,0,,,,1,1,,
Aux_BoltLoad,Turbine_FL3_M4_Time,法兰3-4号监测螺栓预紧力状态_状态开始时间,DateTime,TRUE,,,,,,,,,,0,,,,1,1,,
Aux_BoltLoad,Turbine_FL3_M5_Time,法兰3-5号监测螺栓预紧力状态_状态开始时间,DateTime,TRUE,,,,,,,,,,0,,,,1,1,,
Aux_BoltLoad,Turbine_FL3_M6_Time,法兰3-6号监测螺栓预紧力状态_状态开始时间,DateTime,TRUE,,,,,,,,,,0,,,,1,1,,
Aux_BoltLoad,Turbine_FL4_M1_Time,法兰4-1号监测螺栓预紧力状态_状态开始时间,DateTime,TRUE,,,,,,,,,,0,,,,1,1,,
Aux_BoltLoad,Turbine_FL4_M2_Time,法兰4-2号监测螺栓预紧力状态_状态开始时间,DateTime,TRUE,,,,,,,,,,0,,,,1,1,,
Aux_BoltLoad,Turbine_FL4_M3_Time,法兰4-3号监测螺栓预紧力状态_状态开始时间,DateTime,TRUE,,,,,,,,,,0,,,,1,1,,
Aux_BoltLoad,Turbine_FL4_M4_Time,法兰4-4号监测螺栓预紧力状态_状态开始时间,DateTime,TRUE,,,,,,,,,,0,,,,1,1,,
Aux_BoltLoad,Turbine_FL4_M5_Time,法兰4-5号监测螺栓预紧力状态_状态开始时间,DateTime,TRUE,,,,,,,,,,0,,,,1,1,,
Aux_BoltLoad,Turbine_FL4_M6_Time,法兰4-6号监测螺栓预紧力状态_状态开始时间,DateTime,TRUE,,,,,,,,,,0,,,,1,1,,
Aux_BoltLoad,Turbine_FL5_M1_Time,法兰5-1号监测螺栓预紧力状态_状态开始时间,DateTime,TRUE,,,,,,,,,,0,,,,1,1,,
Aux_BoltLoad,Turbine_FL5_M2_Time,法兰5-2号监测螺栓预紧力状态_状态开始时间,DateTime,TRUE,,,,,,,,,,0,,,,1,1,,
Aux_BoltLoad,Turbine_FL5_M3_Time,法兰5-3号监测螺栓预紧力状态_状态开始时间,DateTime,TRUE,,,,,,,,,,0,,,,1,1,,
Aux_BoltLoad,Turbine_FL5_M4_Time,法兰5-4号监测螺栓预紧力状态_状态开始时间,DateTime,TRUE,,,,,,,,,,0,,,,1,1,,
Aux_BoltLoad,Turbine_FL5_M5_Time,法兰5-5号监测螺栓预紧力状态_状态开始时间,DateTime,TRUE,,,,,,,,,,0,,,,1,1,,
Aux_BoltLoad,Turbine_FL5_M6_Time,法兰5-6号监测螺栓预紧力状态_状态开始时间,DateTime,TRUE,,,,,,,,,,0,,,,1,1,,
,,,,,,,,,,,,,,,,,,,,,
,,,,,,,,,,,,,,,,,,,,,
Aux_DryArc,lightintensityCHA,CHA光强值,real,,,lightintensity,,,KN,,,,,0.001,,,,1,1,,
Aux_DryArc,lightintensityCHB,CHB光强值,real,,,lightintensity,,,KN,,,,,0.001,,,,1,1,,
Aux_DryArc,lightintensityCHC,CHC光强值,real,,,lightintensity,,,KN,,,,,0.001,,,,1,1,,
,,,,,,,,,,,,,,,,,,,,,
Aux_Insulation,measuretime,测量时间,real,,,resistance,,,KN,,,,,0,,,,1,1,,
Aux_Insulation,resistanceA_S15,绕组1-S15电阻值,real,,,resistance,,,KN,,,,,2,,,,1,1,,
Aux_Insulation,resistanceA_S60,绕组1-S60电阻值,real,,,resistance,,,KN,,,,,2,,,,1,1,,
Aux_Insulation,resistanceB_S15,绕组2-S15电阻值,real,,,resistance,,,KN,,,,,2,,,,1,1,,
Aux_Insulation,resistanceB_S60,绕组2-S60电阻值,real,,,resistance,,,KN,,,,,2,,,,1,1,,
Aux_Insulation,resistanceAB_S15,绕组间-S15电阻值,real,,,resistance,,,KN,,,,,2,,,,1,1,,
Aux_Insulation,resistanceAB_S60,绕组间-S60电阻值,real,,,resistance,,,KN,,,,,2,,,,1,1,,
,,,,,,,,,,,,,,,,,,,,,
Aux_CMS,Rotoracceleration_12,主轴承12点径向加速度,real,,,Rotor,,,m/O,,,,,4,,,,1,1,,
Aux_CMS,Rotorspeed_12,主轴承12点径向速度,real,,,Rotor,,,m/O,,,,,4,,,,1,1,,
Aux_CMS,Rotoracceleration_6,主轴承6点径向加速度,real,,,Rotor,,,m/O,,,,,4,,,,1,1,,
Aux_CMS,Rotorspeed_6,主轴承6点径向速度,real,,,Rotor,,,m/O,,,,,4,,,,1,1,,
Aux_CMS,Rotoracceleration_3,主轴承3点轴向加速度,real,,,Rotor,,,m/O,,,,,4,,,,1,1,,
Aux_CMS,Rotorspeed_3,主轴承3点轴向速度,real,,,Rotor,,,m/O,,,,,4,,,,1,1,,
Aux_CMS,Rotoracceleration_9,主轴承9点轴向加速度,real,,,Rotor,,,m/O,,,,,4,,,,1,1,,
Aux_CMS,Rotorspeed_9,主轴承9点轴向速度,real,,,Rotor,,,m/O,,,,,4,,,,1,1,,
Aux_CMS,GearboxaccelerationH_3,齿轮箱3点径向加速度(高频),real,,,Gearbox,,,m/O,,,,,4,,,,1,1,,
Aux_CMS,Gearboxspeed_3,齿轮箱3点径向速度,real,,,Gearbox,,,m/O,,,,,4,,,,1,1,,
Aux_CMS,GearboxaccelerationL_3,齿轮箱3点径向加速度（低频）,real,,,Gearbox,,,m/O,,,,,4,,,,1,1,,
Aux_CMS,GearboxaccelerationH_9,齿轮箱9点径向加速度（高频）,real,,,Gearbox,,,m/O,,,,,4,,,,1,1,,
Aux_CMS,Gearboxspeed_9,齿轮箱9点径向速度,real,,,Gearbox,,,m/O,,,,,4,,,,1,1,,
Aux_CMS,GearboxaccelerationL_9,齿轮箱9点径向加速度（低频）,real,,,Gearbox,,,m/O,,,,,4,,,,1,1,,
Aux_CMS,Generatoracceleration_12,发电机12点径向加速度,real,,,Generator,,,m/O,,,,,4,,,,1,1,,
Aux_CMS,Generatorspeed_12,发电机12点径向速度,real,,,Generator,,,m/O,,,,,4,,,,1,1,,
Aux_CMS,Generatoracceleration_6,发电机6点径向加速度,real,,,Generator,,,m/O,,,,,4,,,,1,1,,
Aux_CMS,Generatorspeed_6,发电机6点径向速度,real,,,Generator,,,m/O,,,,,4,,,,1,1,,
Aux_CMS,Generatoracceleration_3,发电机3点径向加速度,real,,,Generator,,,m/O,,,,,4,,,,1,1,,
Aux_CMS,Generatorspeed_3,发电机3点径向速度,real,,,Generator,,,m/O,,,,,4,,,,1,1,,
Aux_CMS,Generatoracceleration_9,发电机9点径向加速度,real,,,Generator,,,m/O,,,,,4,,,,1,1,,
Aux_CMS,Generatorspeed_9,发电机9点径向速度,real,,,Generator,,,m/O,,,,,4,,,,1,1,,
Aux_CMS,Nacellaccelerationfromwind,机舱弯头迎风向加速度,real,,,Nacella,,,m/O,,,,,4,,,,1,1,,
Aux_CMS,Nacellespeedfromwind,机舱弯头迎风向速度,real,,,Nacella,,,m/O,,,,,4,,,,1,1,,
Aux_CMS,Nacellacceleration_Y,机舱弯头横向加速度,real,,,Nacella,,,m/O,,,,,4,,,,1,1,,
Aux_CMS,Nacellespeed_Y,机舱弯头横向速度,real,,,Nacella,,,m/O,,,,,4,,,,1,1,,
Aux_CMS,TowertopangleX,塔筒顶部X方向角度值,real,,,Towerto,,,m/O,,,,,4,,,,1,1,,
Aux_CMS,TowertopangleY,塔筒顶部Y方向角度值,real,,,Towerto,,,m/O,,,,,4,,,,1,1,,
Aux_CMS,TowerbaseangleX,塔基平面X方向角度值,real,,,Towerto,,,m/O,,,,,4,,,,1,1,,
Aux_CMS,TowerbaseangleY,塔基平面Y方向角度值,real,,,Towerto,,,m/O,,,,,4,,,,1,1,,
,,,,,,,,,,,,,,,,,,,,,
Aux_CMS,Rotoracceleration_12_State,主轴承12点径向加速度_实时状态,int,TRUE,,,,,m/O,,,,,0,,,,1,1,,
Aux_CMS,Rotorspeed_12_State,主轴承12点径向速度_实时状态,int,TRUE,,,,,m/O,,,,,0,,,,1,1,,
Aux_CMS,Rotoracceleration_6_State,主轴承6点径向加速度_实时状态,int,TRUE,,,,,m/O,,,,,0,,,,1,1,,
Aux_CMS,Rotorspeed_6_State,主轴承6点径向速度_实时状态,int,TRUE,,,,,m/O,,,,,0,,,,1,1,,
Aux_CMS,Rotoracceleration_3_State,主轴承3点轴向加速度_实时状态,int,TRUE,,,,,m/O,,,,,0,,,,1,1,,
Aux_CMS,Rotorspeed_3_State,主轴承3点轴向速度_实时状态,int,TRUE,,,,,m/O,,,,,0,,,,1,1,,
Aux_CMS,Rotoracceleration_9_State,主轴承9点轴向加速度_实时状态,int,TRUE,,,,,m/O,,,,,0,,,,1,1,,
Aux_CMS,Rotorspeed_9_State,主轴承9点轴向速度_实时状态,int,TRUE,,,,,m/O,,,,,0,,,,1,1,,
Aux_CMS,GearboxaccelerationH_3_State,齿轮箱3点径向加速度(高频)_实时状态,int,TRUE,,,,,m/O,,,,,0,,,,1,1,,
Aux_CMS,Gearboxspeed_3_State,齿轮箱3点径向速度_实时状态,int,TRUE,,,,,m/O,,,,,0,,,,1,1,,
Aux_CMS,GearboxaccelerationL_3_State,齿轮箱3点径向加速度（低频）_实时状态,int,TRUE,,,,,m/O,,,,,0,,,,1,1,,
Aux_CMS,GearboxaccelerationH_9_State,齿轮箱9点径向加速度（高频）_实时状态,int,TRUE,,,,,m/O,,,,,0,,,,1,1,,
Aux_CMS,Gearboxspeed_9_State,齿轮箱9点径向速度_实时状态,int,TRUE,,,,,m/O,,,,,0,,,,1,1,,
Aux_CMS,GearboxaccelerationL_9_State,齿轮箱9点径向加速度（低频）_实时状态,int,TRUE,,,,,m/O,,,,,0,,,,1,1,,
Aux_CMS,Generatoracceleration_12_State,发电机12点径向加速度_实时状态,int,TRUE,,,,,m/O,,,,,0,,,,1,1,,
Aux_CMS,Generatorspeed_12_State,发电机12点径向速度_实时状态,int,TRUE,,,,,m/O,,,,,0,,,,1,1,,
Aux_CMS,Generatoracceleration_6_State,发电机6点径向加速度_实时状态,int,TRUE,,,,,m/O,,,,,0,,,,1,1,,
Aux_CMS,Generatorspeed_6_State,发电机6点径向速度_实时状态,int,TRUE,,,,,m/O,,,,,0,,,,1,1,,
Aux_CMS,Generatoracceleration_3_State,发电机3点径向加速度_实时状态,int,TRUE,,,,,m/O,,,,,0,,,,1,1,,
Aux_CMS,Generatorspeed_3_State,发电机3点径向速度_实时状态,int,TRUE,,,,,m/O,,,,,0,,,,1,1,,
Aux_CMS,Generatoracceleration_9_State,发电机9点径向加速度_实时状态,int,TRUE,,,,,m/O,,,,,0,,,,1,1,,
Aux_CMS,Generatorspeed_9_State,发电机9点径向速度_实时状态,int,TRUE,,,,,m/O,,,,,0,,,,1,1,,
Aux_CMS,Nacellaccelerationfromwind_State,机舱弯头迎风向加速度_实时状态,int,TRUE,,,,,m/O,,,,,0,,,,1,1,,
Aux_CMS,Nacellespeedfromwind_State,机舱弯头迎风向速度_实时状态,int,TRUE,,,,,m/O,,,,,0,,,,1,1,,
Aux_CMS,Nacellacceleration_Y_State,机舱弯头横向加速度_实时状态,int,TRUE,,,,,m/O,,,,,0,,,,1,1,,
Aux_CMS,Nacellespeed_Y_State,机舱弯头横向速度_实时状态,int,TRUE,,,,,m/O,,,,,0,,,,1,1,,
,,,,,,,,,,,,,,,,,,,,,
Aux_CMS,Rotoracceleration_12_Time,主轴承12点径向加速度_状态开始时间,int,TRUE,,,,,m/O,,,,,0,,,,1,1,,
Aux_CMS,Rotorspeed_12_Time,主轴承12点径向速度_状态开始时间,int,TRUE,,,,,m/O,,,,,0,,,,1,1,,
Aux_CMS,Rotoracceleration_6_Time,主轴承6点径向加速度_状态开始时间,int,TRUE,,,,,m/O,,,,,0,,,,1,1,,
Aux_CMS,Rotorspeed_6_Time,主轴承6点径向速度_状态开始时间,int,TRUE,,,,,m/O,,,,,0,,,,1,1,,
Aux_CMS,Rotoracceleration_3_Time,主轴承3点轴向加速度_状态开始时间,int,TRUE,,,,,m/O,,,,,0,,,,1,1,,
Aux_CMS,Rotorspeed_3_Time,主轴承3点轴向速度_状态开始时间,int,TRUE,,,,,m/O,,,,,0,,,,1,1,,
Aux_CMS,Rotoracceleration_9_Time,主轴承9点轴向加速度_状态开始时间,int,TRUE,,,,,m/O,,,,,0,,,,1,1,,
Aux_CMS,Rotorspeed_9_Time,主轴承9点轴向速度_状态开始时间,int,TRUE,,,,,m/O,,,,,0,,,,1,1,,
Aux_CMS,GearboxaccelerationH_3_Time,齿轮箱3点径向加速度(高频)_状态开始时间,int,TRUE,,,,,m/O,,,,,0,,,,1,1,,
Aux_CMS,Gearboxspeed_3_Time,齿轮箱3点径向速度_状态开始时间,int,TRUE,,,,,m/O,,,,,0,,,,1,1,,
Aux_CMS,GearboxaccelerationL_3_Time,齿轮箱3点径向加速度（低频）_状态开始时间,int,TRUE,,,,,m/O,,,,,0,,,,1,1,,
Aux_CMS,GearboxaccelerationH_9_Time,齿轮箱9点径向加速度（高频）_状态开始时间,int,TRUE,,,,,m/O,,,,,0,,,,1,1,,
Aux_CMS,Gearboxspeed_9_Time,齿轮箱9点径向速度_状态开始时间,int,TRUE,,,,,m/O,,,,,0,,,,1,1,,
Aux_CMS,GearboxaccelerationL_9_Time,齿轮箱9点径向加速度（低频）_状态开始时间,int,TRUE,,,,,m/O,,,,,0,,,,1,1,,
Aux_CMS,Generatoracceleration_12_Time,发电机12点径向加速度_状态开始时间,int,TRUE,,,,,m/O,,,,,0,,,,1,1,,
Aux_CMS,Generatorspeed_12_Time,发电机12点径向速度_状态开始时间,int,TRUE,,,,,m/O,,,,,0,,,,1,1,,
Aux_CMS,Generatoracceleration_6_Time,发电机6点径向加速度_状态开始时间,int,TRUE,,,,,m/O,,,,,0,,,,1,1,,
Aux_CMS,Generatorspeed_6_Time,发电机6点径向速度_状态开始时间,int,TRUE,,,,,m/O,,,,,0,,,,1,1,,
Aux_CMS,Generatoracceleration_3_Time,发电机3点径向加速度_状态开始时间,int,TRUE,,,,,m/O,,,,,0,,,,1,1,,
Aux_CMS,Generatorspeed_3_Time,发电机3点径向速度_状态开始时间,int,TRUE,,,,,m/O,,,,,0,,,,1,1,,
Aux_CMS,Generatoracceleration_9_Time,发电机9点径向加速度_状态开始时间,int,TRUE,,,,,m/O,,,,,0,,,,1,1,,
Aux_CMS,Generatorspeed_9_Time,发电机9点径向速度_状态开始时间,int,TRUE,,,,,m/O,,,,,0,,,,1,1,,
Aux_CMS,Nacellaccelerationfromwind_Time,机舱弯头迎风向加速度_状态开始时间,int,TRUE,,,,,m/O,,,,,0,,,,1,1,,
Aux_CMS,Nacellespeedfromwind_Time,机舱弯头迎风向速度_状态开始时间,int,TRUE,,,,,m/O,,,,,0,,,,1,1,,
Aux_CMS,Nacellacceleration_Y_Time,机舱弯头横向加速度_状态开始时间,int,TRUE,,,,,m/O,,,,,0,,,,1,1,,
Aux_CMS,Nacellespeed_Y_Time,机舱弯头横向速度_状态开始时间,int,TRUE,,,,,m/O,,,,,0,,,,1,1,,
,,,,,,,,,,,,,,,,,,,,,
,,,,,,,,,,,,,,,,,,,,,
,,,,,,,,,,,,,,,,,,,,,
Aux_GearBoxOil,grGearboxOil4MicronCleanliness,齿轮油清洁度等级4μm,REAL,,,Aux_GearBoxOil,,,m/s,,,,,1,,,,1,1,,
Aux_GearBoxOil,grGearboxOil6MicronCleanliness,齿轮油清洁度等级6μm,REAL,,,Aux_GearBoxOil,,,m/s,,,,,1,,,,1,1,,
Aux_GearBoxOil,grGearboxOil14MicronCleanliness,齿轮油清洁度等级14μm,REAL,,,Aux_GearBoxOil,,,m/s,,,,,1,,,,1,1,,
Aux_GearBoxOil,grGearboxOilWaterPersent,齿轮油水分饱和度,REAL,,,Aux_GearBoxOil,,,m/s,,,,,1,,,,1,1,,
Aux_GearBoxOil,grGearboxOilMetalScal,齿轮箱磨损元素监测,REAL,,,Aux_GearBoxOil,,,m/s,,,,,1,,,,1,1,,
Aux_GearBoxOil,grGearboxOilTemperture,齿轮油油温,REAL,,,Aux_GearBoxOil,,,m/s,,,,,1,,,,1,1,,
Aux_GearBoxOil,grGearboxOilDielectricConstant,齿轮油相对介电常数,REAL,,,Aux_GearBoxOil,,,m/s,,,,,1,,,,1,1,,
Aux_GearBoxOil,grGearboxOilCond,齿轮油电导率,REAL,,,Aux_GearBoxOil,,,m/s,,,,,1,,,,1,1,,
